x1,x2,target
-1.6413910588111063,3.1695125101530133,2
-2.2938670482452337,4.093942537786919,2
0.8326905668301745,3.9217618784980064,0
2.6078675060787666,4.681546497179108,0
3.3387225576994033,1.4956101513301174,1
0.377616141623509,3.1878903414879955,0
2.196078173311114,1.371151921604399,1
0.9950618703207529,3.7100098796697223,0
2.0254113997965115,0.7794928755713451,1
1.2036628536676235,3.2870486788386213,0
1.5933737060785933,0.2711734367888493,1
-0.46894645174002036,3.5231036196649805,2
0.6905092913504456,0.8757937511488569,1
-0.6551455173240761,3.2923825485754117,2
2.3589239949591563,1.9316206467507204,1
2.9182846745839695,0.30796586423861205,1
0.46546494097762203,3.123155143325978,0
1.9854110231766937,1.1477775668210624,1
1.9502878204139245,2.2650786423980955,1
1.8229735142462806,1.6265935273231762,1
-0.8469600071059499,0.7547846129369971,2
1.8089208180109733,4.630853536569412,0
2.211743778379177,0.6813196816422107,1
0.4409999140136506,4.329192535833406,0
-0.3396373319650261,3.8422027226336812,0
-0.7300001120785176,6.25456272268018,0
0.07990035599431489,2.341055318307638,0
0.6994470837726068,5.427692633062829,0
-0.17119857386460735,3.8659672827039557,0
-1.9230272109733548,5.172165960138085,2
-2.208649536929823,2.306816346837988,2
2.1004333773717088,2.7570099937895653,1
0.5549391454543073,0.07915951934426113,1
2.941759060792494,0.6255319039197287,1
2.7248298619419606,1.9020828521995616,1
0.3636443396715594,3.4809590031541084,0
-1.5527137748127595,1.3554735274629919,2
-1.649196371254486,2.490173008275547,2
-0.3559415760480067,2.3351626376623695,0
-2.7394197577108144,2.8372837451829973,2
2.2060857277654717,0.6421928737501674,1
-0.9913934434828017,2.5183134010097223,2
1.1957796343395404,4.696850261428482,0
-1.4410609078794534,2.423955554247202,2
1.919316165869013,1.5641101602588336,0
-2.2719272300295943,3.9301427713984585,2
3.384228268986101,1.1155670470596057,1
0.9867700992673155,6.089657821354225,0
-1.387077415454254,4.656739469343879,2
-0.7069509051601206,3.979317221095762,2
3.445801488506816,-0.7436849488850923,1
-1.7413991197104957,4.580921219088029,2
1.0196617900483833,1.039330824809467,1
0.40246387918003435,1.9635904786548257,1
-0.1915877364233154,2.504607455997084,2
-1.0541143571999743,2.390790651109081,2
1.7407675315800286,4.035414592239009,0
3.4751314936293136,-0.06744294812648044,1
3.715875081327392,-0.5189398224877038,1
-0.5796797419281776,2.8885878577582034,2
0.06344785310233647,5.4208036155442425,0
-0.9699356963812762,1.1816404570329717,2
0.5221897160308899,4.389739300882774,0
-2.870096556310345,3.6759203127548803,2
-2.451797086322373,3.2474047035026583,2
3.9694972184956923,-0.7682924168597816,1
-2.2173354425828657,4.3467746856910985,2
1.4531684474687174,4.452236908828468,0
3.2651176478431827,-0.508441111453074,1
-1.6824083147136373,3.569184320130505,2
-2.4940310842651168,1.9073360525544978,2
1.5655424990598512,0.6183669906595647,1
-2.536304593473337,1.881015100208776,2
0.17635645540583034,4.083711547628035,0
4.519589454948243,1.0914953968663499,1
-1.1379120682188577,2.1558433014926957,2
1.4446553128235466,6.039666325134103,0
-1.9353594448960136,4.022436682805171,2
-3.240819402772195,3.3229625345176084,2
-0.05521238176876264,2.8737960687629416,0
-2.352683376473176,3.0075021191723743,2
1.0369881958660265,0.24309352494035297,1
2.9975818297098447,-1.1074617667142115,1
2.272419946074378,4.920246640074545,0
2.1156707630897955,3.0689615070947376,0
-0.05366520476248149,3.953843962859285,0
0.19390311164440532,4.92890598388212,0
2.731256232288554,4.170798905138798,0
2.8813337191065127,4.289010107788545,0
1.0811772436320077,4.437700250063866,0
-2.4289759846349903,3.2388817275180144,2
3.35844848308131,1.026199976793985,1
-0.6561532235214882,4.2366531728338686,0
-2.902205963167381,3.5408924572938623,2
2.7824423914533143,0.8587583532741301,1
0.323861496159475,3.912833952260789,0
1.4341848237315005,2.632235834861646,1
3.6819170837344597,0.6862253690923802,1
1.311595346732005,0.7386514083835776,1
0.19364092271896993,4.193398028421503,0
-1.3750034841073822,2.3406566377338844,2
0.18574705671341785,3.396487205923063,0
2.786819103295032,1.2173134430720098,1
2.9143717142184085,0.08803708389782416,1
3.203618102124004,-0.013186717700715667,1
-2.6264356061913885,3.0048836470607836,2
2.886618579417646,1.3856363426009415,1
-1.1880498510391688,3.695885804701051,2
-0.6066683187885868,4.914166706555595,0
-1.0256546169324736,5.029901884953198,2
2.1943316717375607,0.03999345536253718,1
0.8026741799295589,0.3113436347268045,1
-1.3645409758398708,2.9075909449994044,2
0.23670708215518177,5.846801922855126,0
-1.629666698239699,2.7355680059101664,2
2.569040832963979,4.045214695771619,0
4.98436376319674,1.1205219830414235,1
0.9133661022290314,-0.4133067105032755,1
2.021293454049186,4.902826853824574,0
1.7736920906327758,0.3082769579593675,1
1.636185528625056,1.2947698963877157,1
1.4034110215022875,-0.8770811552507132,1
-0.3034190946577444,3.7183561231706173,0
2.399253575062601,4.69987391240495,0
3.3704051871538505,0.574206187454513,1
0.4587510360360918,3.32495746808962,0
0.04840286451029896,3.766997472803568,2
2.3539811814248868,1.8083093321679071,1
-0.7981224919603058,3.8033833709526004,2
0.058265308727449616,4.556283954525262,0
-0.661378822550643,4.191926799280207,2
1.6537322478929068,4.355607716930812,0
-1.8571419064864496,2.0830750977986146,2
2.3200062791885854,-0.7641847072803132,1
3.0240119145440234,0.16730656437997693,1
-2.051843436135904,3.1922992566151316,2
0.5913902693652195,4.398138916765464,0
2.871802401206648,0.900048857853172,1
1.215415659200282,5.701683588535126,0
0.12368423137584805,4.3267470830563415,0
-2.4204494115216075,1.7993563887458919,2
1.2158528384028864,3.9339861611445865,0
1.4262868138416096,1.967736172008914,1
-1.1183329926596497,4.427509241681896,0
-0.2585055917393224,0.05509195822492874,1
-1.2046989302466335,1.5430878728245432,2
0.4707939582819425,1.7421179665425233,1
1.799034823437439,1.755325570060389,1
0.22080735218086167,3.1025858084310007,0
1.1031821712501149,4.705776690893091,0
0.9592496646850545,4.682939063003472,0
2.1304541090405142,4.476291743941256,0
-0.5208023071966561,2.9426749205841647,2
0.1385920366385498,3.71260422368396,0
-2.434369994642203,2.725478053537216,2
-2.290019808566942,4.436365187112844,2
-0.3474840320192596,3.7545182484908723,2
-0.6563644476880002,2.736019603139936,0
1.2705801100034328,0.5620830163547699,1
1.0093598296852553,3.4496260666340355,0
-2.500432773395561,4.996112224141398,2
-0.3903111555062193,3.6264022021611284,2
0.1629058193422922,2.837362999645876,0
2.5661423433252954,2.2118180937518854,1
1.936317819696423,3.8872882450116975,0
-3.6104963525168303,1.7667321257065618,2
2.6260560508144515,2.4404599982309887,1
1.159451761022051,1.4459917904359167,1
2.2449701335128736,2.600233812179728,1
-0.49749509499098954,3.01994205239719,2
0.8527922132284451,1.3137632943537603,1
1.742933260191581,4.660080144920679,0
1.5402786136203042,3.0192350294558628,0
0.17286041437265398,3.6142375496981893,0
2.4443614902985984,2.068704724558425,1
1.900066638860442,4.171219312794672,0
0.9089944696235133,2.985391457803656,0
-1.4314921373950387,5.255291922811399,2
0.4098302248142758,3.9960960500813885,0
0.7937757746422629,1.4116678397540003,1
2.934657463346248,1.5330881864919323,1
-2.9973057483599868,3.9283098144586317,2
-2.068263601653126,3.009404208112,2
3.1538491696640243,0.7705964970994199,1
-4.120292577963616,3.015133138310909,2
1.3590025085587631,4.269545046916436,0
2.6744224430383667,-0.9766498368031313,1
1.4201333112919208,4.637461654822657,0
0.40695802507630996,4.573691682389152,0
1.169134034096881,3.146770046632522,0
0.574972273412985,3.987132032396283,0
2.181836322963653,1.690670730635364,1
1.6485648355589304,4.711249163689501,0
-3.4407047178918866,0.6323828125434776,2
-2.395981599221817,2.4596531076306403,2
0.4191454893239732,3.89426400585307,2
1.1401986509990816,4.400108683369587,0
2.0567385216782887,0.13095880540103655,1
-3.336594205953393,1.0583586557061957,2
-2.390112232292978,1.6353788470380808,2
0.6107189885604578,5.241879868354036,0
-0.5237832237565967,-0.039845726170792406,1
-2.525388658152318,2.2316627474120874,2
-0.6641965791522797,2.270344235647304,2
0.2998244574389597,1.461717812610033,2
0.2581029060372595,0.09541048820712605,1
2.6896541946219292,2.5269394298967987,1
1.6993160283860715,3.4378952806971084,1
0.9569780901081313,1.470277012978727,1
2.8325444852008332,0.606622196664911,1
-0.5049758836508034,3.031229192416073,0
2.2386961681004025,1.1855790921532152,1
1.2061946487392174,2.5271637031702654,1
-0.6130193549383983,2.6599874017237655,2
2.3874421424361065,5.089591154279563,0
-0.9129227047524794,2.3414276083761405,2
0.8423997052238532,1.1814332143212822,1
-2.617936990598619,2.7910263883705095,2
1.7231652440840528,0.17623236436618106,1
0.9605879669439403,4.464715495746613,0
2.1229017514997977,0.4346419058288859,1
-2.4684496885376204,3.172597798026906,2
-1.716449681478481,3.34591036835449,2
1.441932518276955,2.7675436411711662,0
1.1279045933599117,1.7860025219347795,1
-2.1528471281903627,3.39021014751886,2
-0.3039392513010666,2.586573625303621,2
0.6822249704819827,-0.17007835108116964,1
2.439590926644123,1.9073755147496512,1
1.7086940883013713,3.9285649266877174,0
-2.548463865803596,2.4478579446781197,2
2.721234667502416,-1.6368908021462931,1
1.1864049745669258,1.5540544107972392,1
-2.8474293600499374,3.4169665370048894,2
-0.25035158085012044,5.271233477498625,0
-0.8190318545287704,2.895971025187597,2
-1.6272057158337372,2.214482169140312,2
1.8938939851550987,2.69211246516301,1
-1.9974837263353877,3.1048528695464066,2
1.5594720268876685,2.114241373680877,1
-0.885565868249676,3.7517334830861944,2
-0.18887976223686143,5.2046138144025775,0
-0.39718065422491144,3.266885823423298,2
0.9176835274126343,3.9862442335181907,0
-2.2701315532392234,2.522660195483063,2
0.5223464680027501,-0.8143065041562845,1
-2.9333636683255366,2.743058889715356,2
-1.5972436333796485,3.7156772035959653,2
1.9446770186246707,0.46523168135949217,1
2.606056135535609,1.49308681670166,1
1.5011362743483923,2.3971551500767,1
-2.3104032772083816,3.025401292998553,2
-2.363009617593335,3.248974682821521,2
2.7588530760762664,1.826808807706628,1
2.5717749657146376,1.3069586565788922,1
0.03572743604615658,-0.0865453423349114,1
2.3299147250453225,0.2940432239188462,1
2.624405010754055,4.468015082935724,0
-2.152149935779079,2.1813910898273745,2
0.12454088129290508,6.12651092757635,0
2.9559914265220586,1.789027766290881,1
2.5935971247090546,0.7552182424285675,1
1.7480606297601624,5.127291481412121,0
-1.387903738594685,4.324121509153633,0
0.4359075385353355,0.38662319635782705,1
1.0257650601965858,4.797624103729346,0
2.442848794120673,5.156339266909622,0
1.2194114539512566,-0.04442992893517905,1
1.0437623357873018,4.320125411561283,0
0.8854437282907486,2.460665508872458,2
0.7912164075371535,3.4961388398320343,0
-2.415549296313542,2.7820724186894363,2
-0.12366399876203138,0.2680132329977556,1
-1.2792941508556943,3.2812804838127865,0
1.9081184526607986,4.643752311249652,0
-3.6234614944375534,4.539610239582718,2
0.03182382262824468,3.8937376342458414,0
0.04611357602217381,4.125198235361061,0
1.306846834820869,5.253033801006626,0
2.514852426266934,1.177721519975617,1
0.5626510977867477,3.5563325160076324,0
0.6872648675922621,2.3051478518650175,0
1.3955562742232077,1.3716715272149664,1
-0.5046936586360811,2.5004528049911348,2
-0.07595219918977802,2.352100932787512,2
1.595641079163439,0.9012468658925205,1
2.0394883043118828,0.4059335519244092,1
1.3158722189226826,0.5217036939666777,1
-2.757450058867292,2.410975646496292,2
3.397621212690831,1.09551696950509,1
1.3722767912081404,3.210725818717884,0
-1.8150354659486319,3.629667529430167,2
2.141444363812998,3.088561673177777,1
-3.4639254206711447,2.7683982491844525,2
0.303809630770544,3.9442341659078486,0
-3.168457968073918,2.0278567095598836,2
-1.975941154668871,3.4088533165151023,2
-0.9160918147708463,4.125974183745377,0
1.4118162378421486,3.7045630499886704,0
2.693291554928333,1.2376882581975894,1
1.8715117911828858,1.7222818795764046,1
1.7730716447424428,-0.26053952524609203,1
-1.557037319699532,2.85315387671773,2
-1.418088742307692,1.4224713860728533,2
-1.5453330634152727,2.5945936250776223,2
1.2929059847052686,-0.5492766748178717,1
3.1587712881612537,0.32240766513181884,1
-0.7007783047907125,2.86012570295441,2
1.6627002634677255,-0.1945542814026866,1
3.3760619075607927,-0.39433759110919064,1
1.9065013691991988,0.9936678649077069,1
-0.7457367470396599,2.0422004341125723,2
1.9520547699711703,-0.15372673872212772,1
-3.2455538898340004,1.8609254933879078,2
-1.8010890668809383,5.455521302229189,0
-1.7011961472883075,1.76208978236992,2
-2.4405596537106393,4.735708674594199,2
0.6288194260479318,3.722518850588065,0
1.2820750112094392,-0.5922693482835555,1
-1.2068720811291742,4.99705892612816,2
1.2661653411762277,0.8989121157264235,1
-0.7330236509135253,2.2186669822461482,2
0.622838329789296,2.6873131387973572,0
2.0106681287073047,1.1577965648767046,1
-0.012721882214107527,3.148900943550399,2
-0.5261264908352177,2.5261203727146837,0
2.1600953242600927,-0.09559355749961551,1
1.5195819699340147,4.742830285120433,0
-0.06925447852297073,3.218931267986945,0
-1.8192426890730498,2.7243451503220957,2
0.7778711817264493,4.397979627758536,0
1.2161371844417737,4.4627460015740334,0
0.6146707977648753,5.368372463576241,0
-2.189095456752386,1.3402751927937755,2
1.0981094231574677,1.9116358140500982,1
-1.188588473996246,4.364674335253445,2
-0.4616793042437648,3.2750359226408543,2
-1.6720742574151235,2.3815497401342087,2
1.157858017801541,2.2338987507505577,1
1.6073526830173377,0.6989485982671382,1
2.6787211308572605,1.7883353413693315,1
0.06599805527159419,-0.6428943119327568,1
-1.3768574371661335,1.450632928682615,2
1.1987332425551018,4.215411804249235,0
2.868719766546985,1.3709542548527363,1
1.3439817658224396,2.0256202848713176,1
1.433685684767486,3.3391753137146614,0
1.7110710649654968,0.6449529878963302,1
-0.3002400394344251,3.5842368035833116,2
-1.0790343491106529,2.1621315008928557,2
3.964610146989987,2.5615367843756665,1
-1.2558130310060447,4.054329888384638,2
2.5681843682606544,-1.6435751477502878,1
-2.860246292112607,3.2856662722534193,2
1.867472599458071,1.3846009648778694,1
0.6112148620002373,2.512459779407206,0
2.1993740065561096,1.1311217396002549,1
-2.2033318520647907,3.411985287347042,2
-2.3149720477372546,1.4772499181371055,2
-1.3431505177902165,2.151572609386042,2
3.135811648458365,-0.7100129191052402,1
-2.1946272041380697,2.9063267411088214,2
0.7536643975981746,3.3907081094065936,0
2.2074444970211444,0.5235373396736309,1
3.2460247025341027,2.8494216528496255,0
3.76931899120361,0.12971506820112177,1
0.38486741073838426,5.428206511958758,0
-3.212632063689457,3.0353572493210925,2
1.411078036277653,4.843881787973196,0
-0.939345338794741,1.7786012210189084,1
0.5516067761136294,3.4738227299104283,0
1.9246471254377586,2.298352694380938,1
2.2624849148438315,1.4812335868472408,1
3.043508095175575,0.38376070965802134,1
0.700599543985938,3.5940593616015017,0
2.409622581428487,4.7221853387575825,0
-0.7758787090321352,2.018769322906584,2
2.7053094944836475,0.5334938510221809,1
0.15646326801788768,4.158608500168445,2
-3.3792466699169417,2.204555270941046,2
3.278144968486288,-1.1888463689172508,1
-1.1952136676767564,2.752253478039977,2
1.3063051930568066,6.529731659186648,0
-0.06898328760045969,5.514932617131091,0
0.42196045197519416,3.8331496692935985,0
0.9977938736313479,0.34167862805896954,1
1.4123149680799876,1.047778886944066,1
-0.6659307427259589,1.2268844995240737,2
1.1355205469201974,2.3452383723118513,0
-1.859662777797129,2.71387438885662,2
-1.768557175853126,3.076534191399366,2
-0.4442317311308408,2.768292759666128,2
-1.7059864184157083,1.366441123096812,2
1.3357744781175052,4.159220510514654,0
-2.8497157140049234,2.9410938656583956,2
1.626565455847049,0.25982310346435256,1
2.3663919675265315,-0.18069743087884294,1
4.208387314003461,1.3659685676275286,1
-0.17548044847370226,2.1797246633811365,2
2.463342170779047,-0.7323389910857718,1
-2.3832068402171567,4.1777575928501385,2
1.923522046320243,4.1487772343575555,0
2.0101542177395433,0.9767853838674719,1
-0.8011486690306919,5.5806089750512005,2
2.7888623896622473,2.9095279230644984,1
-1.7967851467918696,4.185013201953194,2
0.33165217536919744,1.908541273952679,2
1.9011951230080426,2.091275340687135,1
3.951449750066022,0.09787752155216611,1
2.6546368939551748,0.6413467662482941,1
0.05018419924819062,2.1050801604942326,2
1.9951296359291928,0.03149486093046461,1
0.4355829560601774,1.4702906771430224,1
1.2844832207263126,0.4168183190652077,1
-1.9203531344075686,2.9205998012238035,2
-3.0066996285462535,3.0525695236713606,2
1.7489649156488767,2.6421890363338263,0
1.5819065959303993,0.6940929884644599,1
0.46661789679484156,3.8657130258372034,0
2.956090285641908,-0.6082476916334503,1
-2.49383510167864,1.1861509148651965,2
0.844361438766528,4.708549139488888,0
-3.2395333359043605,3.5308346295161233,2
-1.418255809527052,2.9620113601293983,2
0.4168438956910858,-0.878724956408639,1
0.9848979774640714,4.8307915359030495,0
0.8657806734805672,2.6430875155791265,0
-0.7831038594559231,3.510031352114857,2
-3.002064496253271,3.9285759773209277,2
-0.4734642645914573,2.354474598214953,2
2.6411183272508136,2.034051737477676,1
2.6558727231659542,0.8844133920039102,1
0.468752476889138,3.251907224896716,0
1.9076301069180404,2.0294756167663897,1
2.393492995117993,1.5494449216385529,1
0.9530373305257873,0.8731142362955578,1
-1.4987341400319087,4.896254961212785,2
2.0654530401449516,3.0959599986084294,1
2.4693588752264732,0.39042919804301424,1
-2.530169770125794,3.0925118391466926,2
-1.6923632774575947,4.111123397301335,2
-1.217200423850246,1.5761773179090879,2
-2.44542308969201,4.743768013640817,2
0.19596567204495563,4.574900123895105,0
2.3012841314333103,4.50911989122635,0
0.7520111442948547,4.00153759699332,0
1.5435603563991644,4.081112226933236,0
2.4895981611197002,4.856919391655974,0
1.9316178955408472,1.4026336414007772,1
-2.540593285743097,1.6402938890364724,2
3.7410598240921815,-0.750382546428243,1
-2.581349837113066,2.0522486197470964,2
2.93199429512333,-0.9292477183665808,1
-2.9952709696863313,3.4943609643916753,2
2.754403675151572,0.5989040593680008,1
-0.16196501362107885,2.0469433707085045,2
3.187272655110208,0.33668265680618037,1
-1.593019239175109,2.4953835445076877,2
0.16247559531518918,2.8546697167114594,0
1.5326481050343999,1.9406412545843128,1
1.8179013426201314,4.054328747287441,0
1.274508252752551,5.6301732241354205,0
0.8858880712695483,5.671384567255103,0
0.3085573579759361,5.985709067521528,0
1.504468095726038,1.689705158360911,1
-0.5605982342511032,3.128113700435217,2
-0.20288785209119276,5.605215399113151,0
0.5070131985838355,1.4296382989451282,1
1.3151742037624397,6.324830888933187,0
-1.2914394878364854,3.0301899497603926,2
-0.7145704238800743,3.4641541282768884,2
0.18760082403712885,5.398425702160481,0
2.5552842172901804,-0.5341341181271007,1
-0.17991235327541766,5.084985429158383,0
-3.4764758008516683,1.9577766953888363,2
-0.8648986467700032,2.577007850763652,2
-0.09448254296404746,5.358239054379527,0
2.1970741605863324,2.7310990217536153,1
0.40605054701574583,2.2962257520634726,1
-1.498147775508219,3.470846110728659,2
3.5861998724617026,0.9901113954077454,1
2.4623978525161263,0.2691060796933471,1
-1.6084525265624328,2.36482035026474,2
1.1596092778040963,5.974730360237247,0
-0.3579883928562584,2.9570698216508347,0
2.987526760009632,4.2591919009925325,0
-1.282947389313921,4.488186173244355,2
1.4145417972426788,-0.2366479337842906,1
-1.583883068199645,2.521696816583306,2
-1.8609669615852762,3.825540886279888,2
2.557067275240517,0.8415641865970339,1
-0.6893560990755789,4.878763073847034,2
-1.2207006169181969,3.2815801540464857,2
0.6011229618852112,3.077591135665371,0
0.038389847395043364,4.736895280599733,0
0.36988541656165075,1.2006747103940942,1
1.4467032233929769,4.615234399002546,0
2.7509286395198282,3.9106341326942773,0
-0.02115077446439728,2.3223483870274437,2
2.4730681046389593,-0.34255267646983345,1
-1.3518365543844622,0.7994316266928267,2
0.2817022188151296,4.15415278712072,0
-0.03855582918794598,3.701455473865528,0
0.5966224097582682,4.314731348964523,2
0.3290886466987344,4.776034477536239,0
0.22256561236589423,4.441477153351737,0
2.9894472699326027,-0.49384160946628275,1
1.0893136625910083,0.17335234070681405,1
0.9188005600811004,3.9125702752743736,0
2.304052774504478,4.202505841230991,0
1.918738197766889,4.036192581213042,0
1.624805609547085,2.047043043305061,1
3.313011738928916,-1.1889713194826057,1
1.331338817374276,-0.22196457374251755,1
-0.8447345304142905,4.483498120979208,2
0.3198064035749636,1.4692328221736877,0
0.5411165268248577,6.153051055927731,0
-1.919724616768114,2.5816084022475443,2
0.758907133157448,0.8046395154937136,1
2.20270192308385,-0.07980121730793233,1
1.2507864362704346,3.412872244452862,0
0.11504439349179252,6.213852280547424,0
0.4408256689211405,3.365565477075779,2
2.3425248338996707,0.8947875572789359,1
0.7549206892145388,0.09381325590641687,1
-1.8953403565448164,3.406668003976594,2
2.900263124433715,0.2220698323078738,1
3.235579029237347,4.2615301757877475,0
-0.637390460216144,4.45881523674228,2
0.3177171117414913,3.789553361508401,0
2.947975674306578,0.42405960297427875,1
1.7796703358886563,1.4076826173549817,2
2.27475620174521,5.233052895339068,2
-0.5147357180471175,4.302068985913943,2
1.7889441206555374,4.891046706848216,0
2.715142756001006,5.298181718763889,0
-1.3240229687792837,4.164577402227558,2
-0.7469352769588351,-0.29076076164508247,1
2.5216470958148567,0.8032711535267518,1
1.167720950570407,5.184298526625501,0
-1.9964503717428164,2.868271602653125,2
0.5768210492836199,4.673843215295909,0
2.0052055711413495,4.231500319888385,0
1.2018787330175988,4.753499427680382,0
-1.0613148223269748,2.0457238635623,2
2.2678545678704145,2.4446951569287814,1
-0.8496580968055352,2.885971185698982,2
0.4709117612820851,3.4879957854544186,0
-3.0986547507150872,2.8900338808264103,2
2.3743859215191603,1.2049284404435279,1
0.04352916775211724,3.0407189783461144,0
1.6962538086896606,3.2008811144930203,0
2.1611021650496567,0.037153912828328806,1
-0.009240659137655594,2.8319523199848033,0
0.22523897100506773,0.2018285405883895,1
1.4973349549992536,3.7279993576353236,0
-1.245229455741414,1.392104749467576,2
0.522466037494494,4.707051867611637,0
-0.9648909073077238,1.9099724580492248,2
0.675486202070468,3.643178733471398,0
-2.0679507951415763,2.826444530083612,2
0.2884324675178127,3.0897099243542696,0
-2.87241174124188,-0.4744177320892531,2
1.5844265061471365,5.418749650395792,0
2.094176227289093,1.5242279106832974,1
-0.5365812025659599,4.54431375232538,2
2.0153665189248877,4.782882551546619,0
-1.1387859366413124,5.70915276617281,0
-0.3487146487403079,1.69776510440157,2
-1.4201835202699478,2.0060009627891113,2
1.2889399224692948,2.1791750003020702,1
-1.1225896698929143,3.4222258364961173,2
1.0068719028850128,4.2341457490014545,0
0.5730931315733154,5.526232397830817,0
2.0741896253150727,0.8156295067924527,1
-1.040136549253265,3.7643326940738886,0
-1.9527198795857743,4.926031540710081,2
-0.7218357408857594,4.691067802843453,0
1.619584543609423,2.7331639188149373,0
-0.4099134538065554,2.644326483425293,2
-1.98045711413068,1.9262539029551022,2
1.8008272981107316,4.834965693984085,0
1.247440263183806,3.502290442054015,0
-2.790631635098112,4.582931668123565,2
0.017630352709386843,2.5041197676138243,2
3.1494345128768217,-0.19657729309715455,1
3.3916537037556713,0.7776225378418288,1
-1.6179366810797107,1.0889056260371774,2
-0.6644118428897365,-0.19893808715478234,1
1.218388039531618,3.415067070094759,0
-3.2352248050895884,4.547864505340946,2
1.8407062774060008,3.561622307041948,0
-1.0757632233647056,3.5180491395854148,2
0.9966956238275102,0.38865782134661686,1
-1.8703218773044976,2.0706720833745935,2
-2.754998845837444,4.42974756652942,2
-1.247707520707695,2.540831055060344,2
2.075929674433608,4.959051058170988,0
2.512577168153689,1.860005404752282,1
-3.432721888021833,2.3497965410459294,2
1.3144008172288053,0.2893725098564418,1
-1.3233643128172925,0.8334501259715936,2
1.0160368131329902,2.7367926165867873,0
2.4656260406209753,4.825091075724104,0
-1.2266196896011041,5.028490794921142,2
2.464819299670569,0.09807016026744675,1
-1.0048207598690813,2.410822305190134,2
1.9430380897129553,4.811855236839868,0
-3.141364985921803,2.7092829391086672,2
2.3976948727197054,0.6742375477432409,1
-2.6534934390939027,1.9640778410605588,2
0.2842202307621039,5.840164381694188,0
-0.6666952149841141,3.897715531188558,0
-0.21258917923753384,3.7969709731497026,0
2.8258613252261315,4.089620671248306,0
0.4305581045287127,2.4192014824689423,0
-2.9488076485008174,1.9818727627888562,2
3.1535710621653905,0.759824481341843,1
1.6450488286525493,2.2798455483310756,1
-0.9713584101513625,3.3574045841669213,2
-1.2448186137066009,2.579761718285684,2
1.4287591711861416,4.401683472861017,0
0.725375660098815,0.5421688853294848,1
1.1845450566233553,5.2804263639321025,0
0.31621375841241217,4.479606280744418,0
1.5365888341442855,0.6142658854816845,1
2.2530956892827456,0.9954144623601221,1
-2.1101153080378916,3.561883960228034,2
1.0428103686890717,2.1482334924813715,1
1.0729631511571514,4.583331767767837,2
2.1014025803885628,-0.06071082028862462,1
1.5104712493922665,4.6216724246865715,0
0.528104715865787,3.654449399718002,0
0.6653839068480234,4.401187493717173,0
-2.908315663904188,2.3052437009645637,2
-2.69135246709237,1.6393684208124366,2
-0.7431595195471776,4.8192223131812355,2
0.11729769010215274,3.404845170982854,0
-0.7651998683617711,3.3497677454777532,2
2.2296405701344035,-1.2960196917567233,1
1.402528809324596,4.980695362478635,0
2.92857935750329,2.0973998363529747,1
-1.2331297024561523,2.0413504098933366,2
-1.3973494926756864,1.5119151801904944,2
2.509049292904953,5.7731460973486755,0
2.705352035805192,2.7186029340276123,1
1.1940519680342363,0.38806852699157945,1
-0.8613147262672736,2.921498562283826,2
-2.5824353018640878,3.5134942146276713,2
-1.7338784881455693,2.3545729020692083,2
2.278173341057151,-1.2596927135565243,1
-0.48546260971491306,3.620347560659708,0
1.160195572886805,3.9182975670727815,0
1.6260582247864006,2.272889080384834,1
-1.0544143892349993,6.368280188807709,0
3.116867691468139,-0.2872237846338328,1
0.8730512267529372,4.714385829386762,0
1.9571063102269475,0.011049399881824407,1
2.561090605895513,4.951755118458278,0
1.1713397756978763,2.5222244717427986,0
-1.3096373285285752,1.2722885375431308,2
3.612277562965038,1.781690857364263,1
1.189750127456664,3.0952136737151688,0
-1.3019559641575318,2.58958115461065,2
-1.31558098561193,2.7154879984720566,2
0.7856165849650957,3.9089378134149397,0
0.07886915164466457,5.616257694589386,0
0.6672571094993729,2.6277835211184133,0
2.798185176406901,4.228136856859967,0
3.410710224027296,0.49951553118786174,1
1.1312175042434114,4.681949847050563,0
1.8469824183378816,2.4720348974135087,1
2.0933855216122783,0.318745519994729,1
1.9916060326433285,-0.6822668697331868,1
-1.665550256939275,3.8419025995959055,2
-1.5317456745569529,4.665550491830821,2
2.2964714856518302,2.025447290065739,1
-0.6353886932326607,3.702437595654119,2
2.5215575649830675,2.61249526861398,1
0.6647175464191224,4.359952669678135,0
-1.549572953566253,1.3934871115842609,2
1.5738748973852448,2.2947289612516792,1
1.2893377801973964,3.449691588146665,0
-1.8357069225671552,3.1165552314827876,2
1.3988504508193778,4.851267899553055,0
-1.723461257642899,2.342894423965655,2
-2.6268748207912127,2.513530041709123,2
2.0771248796527493,0.9402027339677276,1
2.0963497475767574,1.4911295795411759,1
1.9949050270405393,0.18662306314682564,1
1.9369634770071547,5.632850173988072,0
-0.6794956577403716,2.7191624150243547,2
2.0685072891004115,0.7757187323376595,1
1.4835090296561102,4.187557627061241,0
-0.6489798438971608,4.021656263826811,2
-1.8819871356778257,2.166313271202185,2
-1.1143055981464056,3.4442743414842356,2
2.1417200454404712,1.1453700384047611,1
-0.12834651897997573,4.272851070174431,0
-0.7922683721305357,4.659269120192159,0
3.125844613413782,4.21354347778264,0
-0.4458480691348321,4.490212578868348,2
-1.5618560356096398,0.8714891250850125,2
-2.975370876469894,1.3450858087849495,2
-2.043391455170356,2.834555976086448,2
2.496264939312268,6.023376634864585,0
-1.9086391004624714,2.765087797931036,2
-1.481791009408939,6.345420808335616,2
1.9263584960720843,4.152430119150692,0
0.42894558360604784,0.7628412088435828,1
0.46986198832588055,3.971082159415234,2
2.260354146664732,2.0591974634970542,1
-2.730147468597881,4.095913496476495,2
-3.0093799739645295,2.9580727771034168,2
-1.128905689926807,3.1556618947857196,2
2.062885019751036,1.7845283465206978,1
-0.31935142906246883,3.4552624546921553,2
-0.7660861192627355,3.0005445733360743,0
-0.9222219829761042,4.586193320967448,2
-1.2906785236536218,2.1652999769963235,2
-0.13084181752056656,4.093734557767876,2
0.22657973384359842,4.3365960750621015,0
-0.47891739842977543,2.884055294760742,2
2.6988987968862164,1.586560326545869,1
0.9031504325982979,3.00640767149165,0
2.4311949472003582,-0.015930850039170164,1
-1.367712246553094,1.9297855733645117,2
0.9759243554078827,0.7834381084877566,1
-1.8693962034723484,1.9184522447716024,2
-1.529868764660228,1.1408386549566039,2
-0.2226901213724024,3.0226938694054044,2
-2.918919929779941,3.510087942977162,2
0.7889248444699237,0.8361688956530507,1
0.4932531796036117,1.903770727035484,1
-1.7104947766924596,3.243080976020188,2
2.5619365474612663,0.275438188182881,1
1.1356168313702162,3.5405993809526786,1
2.502291678318556,1.003383655405092,1
-2.0079480352159407,2.6831879070102027,2
-1.1580153056362397,2.6315639805230973,2
-1.6101924089218687,4.520745890710259,2
1.3545566999420582,2.324020345950435,2
4.029367469674778,1.3754722225544063,1
0.6671556337747863,4.070320665904697,0
2.1279454205366677,0.6918296347191992,1
3.325032271747182,0.18780947779183288,1
-0.29152162121242853,2.6740784641940007,2
0.3249914598827921,1.4864060667454433,1
1.871530351436425,5.67875139384138,0
-2.217923826397274,0.7123769063133008,2
-0.5303959621549982,2.3697447935439535,2
0.9405020066862739,6.68453267866814,0
-0.6062243994352634,6.547389222031031,0
3.5669068713171965,2.6041319071989255,1
0.8620096879588388,1.2479295794999667,1
1.8472318607181146,3.4258167109125197,0
-1.9116218653154593,3.4788851498307602,2
0.47725344055231217,4.325138551291938,0
1.4743224832293518,4.277595090104139,0
1.4394004078651021,4.582883091840843,0
2.1539349752486734,1.0948447151353042,1
0.0884843309163823,2.322990859224463,0
1.2156350742596866,-0.47058143540045383,1
-0.9754304664209857,2.1053662151475216,2
-3.400023675587912,4.488846970008914,2
2.0726169242122934,4.069571526103854,0
1.2809724409460734,0.6282738814866966,1
-5.267004651173684,3.8914590565212803,2
-3.1403270247207087,3.3825246601991865,2
3.1094454303718004,1.8484973569417364,1
-1.4628798153150773,3.622963362827592,2
-0.19685332656766485,6.247408513097683,0
0.17312869120486674,3.8394496360128985,0
-2.267959546626035,2.9778913282902466,2
0.8059290065713356,0.1878785598184376,1
0.4734533779039568,6.7162410069921386,0
-3.1471781156444676,4.024073734184168,2
1.0361647616627712,4.091264282678081,0
1.852102840133826,4.188679858961163,0
3.038903717222057,0.8120487057074397,1
-3.0575202576205225,3.245505440567904,2
2.3472590848376162,3.793944085309911,0
0.019122605395478276,2.955363008326689,0
1.1346411484160086,1.8195984641625143,1
0.5074058905796994,2.102346041947832,0
0.19808655709037282,6.040562284425101,0
0.5539552544212243,4.408501356881675,0
0.4972689932494816,0.3906288901725994,1
-1.9664875637013992,1.4813409020639443,2
0.163123796502041,2.577504725116713,0
-2.266073213612734,2.859156067964184,2
2.940455062641805,2.3714284750763417,1
-1.700254221599105,4.149135820926431,2
1.7316657742098334,5.171194738803308,0
-0.42462144863388107,2.2208091889729396,2
-2.3796182452892887,3.323534491137776,2
-0.8806862383267292,2.7863113500711947,2
1.4708922461215561,1.2632551201625728,1
3.2970699178267933,4.420878199603832,0
-1.1379018725684262,2.5784279398683436,2
1.3326364757208968,5.010360495640338,0
-1.1169216572729381,3.318522628142649,2
-1.3170970823209944,2.260224257508348,2
-2.708535328134834,2.5827909609813364,2
1.5305255664706576,-0.4876139238292614,1
-1.9142174506787557,2.5702977484176786,2
1.0783721346975528,0.3080837373927212,1
0.028781483639615524,4.548230783410022,0
1.2728036358650114,2.5921059367480943,2
1.5263976678767626,1.0713755129249602,1
2.932182386797189,4.693880650136316,0
0.6546946157168692,3.3574324673644305,2
4.675841367451117,0.15019048187255746,1
2.659404261875562,-0.7319199428105014,1
1.7504306883653116,3.529328358677564,0
1.6983959934072794,1.4433209834079643,1
-2.1132509241421396,2.471011196279826,2
-1.407832932349576,1.7046299311807045,2
0.7487459985102771,-0.07571230761881165,1
2.5943243475467206,3.4793782061205554,0
-0.9570596954218145,3.659433312292812,2
-1.061589070166248,1.542115693348979,1
-1.0324585701601159,3.6792734288292297,2
2.7431489126076327,0.9475209265377595,1
-2.4982463330552322,2.0538341223858962,2
-1.5555872507194985,4.601340210006016,2
-0.9654541036707787,1.6582860925334013,2
2.7268840934687875,-0.07650377510505324,1
2.843829038973065,5.209831985723775,0
1.7762859161298477,1.4274974434128946,1
2.1871792772202903,-1.0829019311310029,1
1.4897697150582216,1.3736950433760513,1
-2.9292345461071885,2.610813774491686,2
2.9818258223999745,1.4557455405566027,1
2.157445848376849,1.402658381717948,1
1.8452335654432903,4.580659233294518,0
2.5024796088877093,0.2815425366144576,1
2.0493401155996462,2.2637237283412683,1
0.12794955574126254,3.9781178586282158,0
2.4703491517041014,4.098629063682589,0
0.8403203778681743,5.440678690051085,0
1.6678088296166815,4.998536471104396,0
3.4772430807253425,1.3540270234187222,1
2.4456324649415,2.4861943510354694,1
2.4645222723420948,6.199676503478973,0
2.160499658492154,0.8060042518375536,1
-2.6630688674786227,3.423182872760294,2
2.8103172016887656,-0.4988715776352204,1
-1.8580873633957353,2.346163227854683,2
1.3953248163305403,1.1106808273678241,1
1.6941543866930118,1.506626001592461,1
2.1238667489135383,0.6253875587928562,1
2.057646113004685,3.672411338999001,0
1.3526956097021245,3.2043865368641953,0
1.3421188664633532,5.601612594421976,0
-2.1107448572115812,1.8941808089322683,2
-0.20135888393613577,3.163591026513428,0
1.9079138568500342,1.9574699548717114,1
2.20993635507921,1.9392320487565187,1
-0.6556397436073795,3.5784530693747016,2
1.6660882430812833,5.605633557013388,0
1.3244393137883037,4.967045417127564,0
-1.4304248706166696,1.7430621603380616,2
-0.47015098543683354,3.8514370518792984,0
-3.2652358813965563,3.62501700565405,2
1.5482308893074341,-1.113118608647941,1
0.2061367941574268,2.307615798334083,1
2.1976550380056934,4.110945498904425,0
-0.7904926095256336,2.531878899123811,2
-1.8556317059585132,3.5818473368593446,2
0.6264878984349582,6.327259277218364,0
-0.35011705083804157,2.625288054175032,2
3.238387078764585,1.6165608254662285,1
1.762598040655471,3.837368230712447,0
0.21709078176286578,1.5507009433443653,1
-0.8479865773913349,4.607391231910391,0
-0.01637928123862986,2.3464038462810235,2
-1.7461481650787785,2.47141747000016,2
3.486835278882169,2.3598778307183563,1
1.0149006303866832,2.6470722251264363,0
1.2934307048391838,4.823827942019258,0
0.44356728656694056,5.39453706188289,0
-2.0322447351197903,0.8996003929789063,2
0.5207375750291519,4.321266486473447,0
2.5167363988740177,0.8511825039050466,1
1.6454129829930584,0.44432622779941994,1
0.37561252088870656,5.856030507496951,0
2.6051243887292688,0.898563586609044,1
0.759320508609846,4.7491805783431875,0
1.0508564850900486,3.226688258044395,0
-0.4542679659630322,1.779314391017646,2
1.7282166662236906,4.866777046034517,0
0.8515323292330985,1.3147071629055405,1
2.8302907846570484,1.3305012814379307,1
-0.05797276323796963,4.985381845730017,0
-2.363675055874894,4.530610856085209,2
-2.3505172896803006,2.123176143735906,2
-3.5261716052172374,2.7395111570527866,2
0.8140516309698043,5.073217505625694,0
2.282613471576359,2.5119132072181642,1
-2.6775096489759562,5.4723316800845,2
-1.3888323687762987,4.122482727982301,2
2.2065607592742156,5.506167176232801,0
0.01576569691334706,3.5106699647407185,0
1.1742373684914624,5.385722545925655,0
-1.1345296855627798,2.2633957561481632,2
1.776834881977492,4.382047502610051,0
0.8202461875492078,5.3528805153684,0
2.247996517932605,1.594102333329376,1
-0.6376277690114565,4.091047047234421,0
1.286418361758068,-0.2714320873840903,1
0.9866193931127945,5.023821086790043,0
3.855730283893106,-0.2974401135255389,1
2.128601643329615,5.383405919485211,0
3.9105137308533573,2.313319886112617,1
-2.2621997315048787,2.2838936020164016,2
-1.690302933228395,2.76157879299448,2
1.7978557905962909,4.3090799737477505,0
1.4700118558956836,4.187683388414023,0
3.816533648852741,1.6517593235941797,1
-1.8701390676770087,2.988656337233774,2
-2.115717212755749,2.7517291257251704,2
1.0434934373273894,0.9826317969756445,1
-2.0329805693005603,2.2294361226123245,2
0.7567290502152818,3.2197507067764555,0
0.4437801593374273,4.948842600908267,0
1.8336931232288773,1.321916278038807,1
-0.7767443484761092,-0.18576300032634285,1
1.838866089874946,1.6481682344734572,0
-1.4795995131808481,3.1575061754226197,2
1.4891065361392517,3.977468865290072,0
-1.6065265544234495,3.1498369637963806,0
-3.11275658840193,3.9492013656897487,2
-0.410927485195163,1.9973440982416826,2
-1.2347823952710426,2.325974147860729,2
-2.4386724980284287,4.039789610180889,2
-0.3302567731888215,5.961918007066578,0
1.0132758004566447,5.071689735181094,0
-0.9718560708114713,3.573806672705625,2
-1.0241070397692835,1.6970733999142307,2
0.2982442969820447,5.601633118099489,0
1.3786117197240442,3.618977236508077,0
1.9488058676890319,6.437655574652927,0
2.990330233464963,3.9970215514213856,0
0.1587769809302686,2.9024400344090795,0
1.171252791684792,2.131807695717998,1
-2.2304193288421272,2.3028614126326286,2
2.5000488838401282,1.9200559823800063,1
2.5937045217874166,1.3810055117185085,1
1.1934497111847753,4.381998508540542,0
-1.6418657794994,3.4137329302985533,2
-1.3497456758805924,1.8947091313041726,2
2.595390547833372,3.1881307304684756,1
2.9724890635487338,0.8406207922757487,1
2.352781875387824,0.9416859361132848,1
0.8745728039916234,4.323066711961467,0
-0.4571116213629396,4.5132864299093125,2
0.6283082226256492,2.9503984693006764,0
-2.9902490740554057,2.4880767512924717,2
2.993852657682646,-0.12158748956719267,1
1.0220285958479411,4.116603477422556,0
2.300883949334654,0.8646671796732708,1
2.3776149098384547,3.8934055337905193,0
-1.4639446579580007,2.046237048562313,2
0.4267715322424548,3.2052165998930606,0
2.459163542268852,2.8343761223404886,1
0.7146246328355943,4.121542543658447,0
3.009457102331643,1.441808412295945,1
0.622276167293011,2.928836034030371,0
-1.6914987452023182,3.332495779424388,2
0.9595962924603656,-0.1952329463880933,1
-1.5770114720121982,3.349516114144346,2
0.9269460083989225,4.542820928695155,0
0.3705385625589368,0.39824689891589854,1
-1.9561279127941038,0.655638626089317,2
2.7749356919702097,0.6492443532328986,1
-1.5305268304584068,2.437595151854747,2
-1.7041506294113042,2.5383281406872626,2
-2.324606773162323,3.387254486671873,2
1.6217131886997103,0.9356596733914518,1
-1.3974111772805184,0.8346477594201747,2
-0.44652483007984767,6.226112082892788,0
0.655011313304936,1.0723437528361055,1
3.0930611000301704,2.6929089239984565,0
1.9256908854722559,4.391338568833581,0
-1.5166461962624938,4.719331469953278,2
-0.7095069168537398,3.5644978752483807,2
1.9123992268575774,4.982167426288861,0
0.6513351202259959,3.5924809677056015,0
2.2436817333651518,4.8032855609170495,0
0.27134872603905014,4.983762171693492,0
-0.5645269358981297,4.367049321648722,0
1.2043234036705623,4.505267274152823,0
-1.8073517946893596,1.7375966549819322,2
1.646840528857405,3.5962816299378133,0
-1.5378183511128152,2.1870754981592575,2
0.39109453626670443,0.771094328298547,1
1.0638015494681659,5.2425342031307,0
1.8971289023273141,4.622514980391411,0
0.4334086025297773,4.719837373709815,0
-1.2095750595195685,3.530563046724221,2
0.19778424983833998,1.2802617966613998,1
0.4843391729357567,2.68237894699927,2
-0.06685941948886054,3.4467091387772255,0
2.473121224650204,0.857644934586304,1
-2.6584432552420543,2.6216506069349155,2
0.3707502660079951,1.7042274278341965,1
3.570694666314647,3.8997550335974527,0
1.5001611023807007,4.392209414493052,0
1.256711783862791,3.3106637165188095,0
2.0827772234627138,3.1296800494631145,1
0.8719265870518024,3.3157853849546557,0
2.30149028270931,-0.020320646066678716,1
-0.27652528150343114,5.0812776832803,0
2.018670228516631,0.8134403634105428,1
1.0427873009296629,4.606259225188172,0
-1.4416514386515185,3.0173042480416647,2
2.3880657388373328,1.9114142074361975,1
3.6724941311100747,4.229862661167975,0
0.9457899677967327,0.3501455592585051,1
-3.675022491452803,1.8847174860417555,2
-2.110782828061182,1.5869809797974326,2
-1.569505941712942,3.3061710753013656,2
1.5800924156036293,2.1706174088578476,1
2.1378785535890787,0.07612914291840933,1
2.4658693127529254,1.3786335099725604,1
1.3753164241866251,1.5311945710217398,0
1.5903494488925753,5.225993999014917,0
1.583381750462541,3.255616920622917,0
0.2563295464046004,3.4102129251341986,0
1.9128196526440366,-0.4110998543006712,1
0.6846280921946505,2.5627645190894883,0
1.0721493376871702,-0.0006583114940791335,1
-0.7796205048912244,4.7547217892543046,0
1.723458412751127,3.114842372244654,0
-0.29421491993923854,5.273184035606401,0
1.4173029858196464,4.48258019318157,0
1.641463532383213,-0.1992613117951767,1
-0.5445770294216074,3.955327058064033,2
0.9885020621853124,5.8730469419842946,0
-0.5813652237747994,2.7164977180503787,2
2.3810671350735033,1.0224331809811493,1
-1.284014190438635,2.5170475510651715,2
-1.9597312818323158,3.292850986036249,2
0.34194798486553146,3.941046161461252,0
2.9553217641969503,2.699905889728484,1
-1.7246914648946352,2.080106001947917,2
1.724256918031132,1.347952490585281,1
1.8291450516689216,2.8234693973974636,1
2.0830296530583796,0.4721214471664888,1
0.9216746957944191,1.8944233027577524,1
1.4025060720841651,-0.5612770706593886,1
2.0441318940922106,2.241738034611364,1
1.606500508327379,-0.8465240966160184,1
1.4424365045805259,3.933544886744047,0
0.7342502486762755,5.822048497804095,0
-1.3963799873569651,1.2533090103654791,2
1.9744559084891369,0.1938046239474902,1
1.258492215126577,2.4457304613166757,1
4.7358383622018785,0.6968551459422713,1
2.1680054626686154,1.5549313502427142,1
2.340058120567241,0.5882860670545755,1
2.054850195020258,1.2718187459087393,1
2.470754623037864,2.2338023024348574,0
-3.350983565302272,2.339173748336254,2
-1.7946518107530967,3.131058525099514,2
0.8186030623826792,6.560510824746599,0
-0.6625372285756828,3.5704745198647245,0
4.226432470751044,1.5597379489376433,1
-1.629341047435189,2.298077486505784,2
-0.6196991450386578,2.0724409192655555,2
-3.880544412912319,1.9127378303764513,2
-2.0946712547420923,2.3267225924107695,2
-1.5129194783626292,2.3389399099412556,2
-3.159598779372798,3.6516057491881284,2
0.6844327157986323,3.5422951156367666,0
2.2954069548480707,3.4213685088984715,0
-1.9672662264357546,3.598028027354956,2
-1.229498352905034,3.280966926571665,2
-0.5890126411525111,2.0646437770578117,2
-1.5183490872155947,1.90086605970831,2
1.211091604495227,6.435940738018834,0
-2.3322024050734877,3.156635131739254,2
-0.37214300920962495,5.568770657304646,0
-0.444312642751012,3.2858859206136657,2
3.1142947758748445,-0.12490073132274881,1
-1.4027857254880784,4.754962949200867,2
2.498113635179617,1.1160607330678738,1
1.197564898385984,1.0331183231279173,1
-1.3762058694346873,3.613400572829426,2
2.164299870898797,4.6207299393732395,0
-3.199348600792786,3.539957457851225,2
-2.915137511891768,0.34267963456385697,2
2.6777866617378754,0.26647171819107973,1
-2.2607207392480837,2.3854446023341733,2
2.0051848799683425,0.054048053402010354,1
-1.9619380426815973,3.5755643577199083,2
-2.592052117605987,0.7542212485167608,2
1.2653905838253072,4.716658147894565,0
-0.37187757863840787,3.5882739501809535,2
0.45052899157189086,2.3563784096139306,1
1.343814974568764,4.494098885042329,0
2.6885752998897914,3.51167230688324,0
2.1048641430610635,4.799788273792352,0
-1.3834400851505249,3.804844827491588,2
0.218399218121329,4.253703233163568,0
1.7495230559490946,3.1199066872550723,0
-1.4621182739279912,3.862742263326189,2
-1.252946436047865,1.5915037688249614,2
1.2846013245058403,2.9257038603843126,0
0.06750683258744195,3.8794697064704886,0
0.21415556662399693,3.4160071908124547,0
3.403303301857597,1.8053624579258356,1
0.9146436764508477,4.196482051157215,0
2.6247740888146742,2.753773138090242,0
-0.03056167375248875,5.985364043715718,0
1.5881972712776529,2.962290601865347,0
-1.2859072811767844,1.9455643433066054,2
1.4082139950501187,1.0689072050901494,1
1.274987653042814,2.3516994087771037,1
-1.7371115537226673,2.4736791973401737,2
-2.7725621460875023,1.7466919258989824,2
1.6851033569191753,-0.06159173270265139,1
1.6700432312366276,4.144213889302123,0
-0.9269172700595636,2.1494989420354456,2
-0.47030781148939926,2.7211016856456007,0
2.076554416766869,5.601809299774612,0
-1.3881587619317262,1.6435628935987059,2
-0.18108518064435852,3.9914950763226966,0
-0.4459573433670181,3.807258169488377,2
1.8397897369278096,3.499033586810521,0
-0.5880653703107662,3.3649364136572792,2
-0.5741592665369859,4.721106148480225,0
-0.8788635786665602,2.5358441401671508,2
2.757050893549907,0.9709490919455823,1
-0.802154862892645,4.332492004022093,2
1.2605845975444396,4.7191879536195165,0
-0.3835106469573186,4.262386515890422,0
-1.1319558242596577,2.413992373544974,2
0.6748367691256087,0.36174909827177504,1
1.0509448092182645,-0.10052806829392724,1
2.2953244507295967,0.9978230680285604,1
1.2780394792777434,0.5976600830001416,1
-2.8001371890530216,4.449650682868163,2
0.21212615464005202,2.8659958536468118,0
3.616547120388685,-0.04260657601926798,1
0.21977654966574678,4.6053013848451565,0
-0.8979044257650838,3.2319161049802685,2
4.007028533700692,2.137604209765297,1
-2.859199480076726,4.808285964414779,2
-1.02794563695242,4.680663848299282,0
3.7661041039795338,2.3120787026669607,1
0.08080351735281943,4.690689825307652,0
0.17044246779204375,2.3512792366954187,2
1.8976784763570764,4.764601804597221,0
1.5845250232501507,1.170460049468201,1
1.9562592101488006,-0.15299017664955272,1
2.859420775602749,2.9560282663059434,0
-0.3804719993540604,2.9898674562691445,2
-0.7244651030375119,3.2068881537284892,2
-1.1527660154203219,4.228146864716451,2
3.540193120132832,-1.2262263581076223,1
-2.534458889004881,3.484751633774194,2
1.7827347729451184,1.6351851733518186,1
-1.6142322002795204,2.363917520542545,2
2.0447794778625044,3.8504015235970024,0
-2.505124629421576,1.3948821251538281,2
1.4198370828136109,1.7504934282123048,1
-1.2547933699596174,2.45417781419915,2
0.3591362546013348,1.6278471910675512,1
-1.1146317415608356,3.4552790082099407,2
2.0953389779806533,0.5699087426415201,1
1.4571170689163921,-0.6223756252541268,1
-1.7369045523321147,3.9700357381717932,2
-0.9050824857110129,2.114642785148298,2
1.993524219974977,0.45082740627531565,1
-2.921744206056549,3.7134318131025297,2
0.7537930683035747,3.4448674196407185,0
1.7079290055768874,4.238298952303907,0
1.0746479853619708,4.685203581657561,0
0.9651244667046538,4.3152862273184525,0
2.824038165832353,0.47633607261325633,1
1.2631745665498415,1.9831930516576484,0
0.18398341674035013,3.772181419436935,0
-0.28560479290591445,2.761984275567419,2
1.3407513277870007,5.775109283590728,0
0.5456059153645791,0.620272268194827,1
1.4302401307482067,0.5072709659524288,1
1.9919353600885963,5.004828668613487,0
-0.24166843304665586,3.9988236895939697,0
2.155848730161841,1.4368249340521335,1
0.8452160670050828,5.436867207008111,0
1.0492306635124864,0.07611383433480423,1
1.4785983186212746,3.4415203276951534,0
-2.7090074125302284,2.201704204070882,2
0.8425685188780558,5.3815311334246525,0
-0.5004066086393166,1.1456511413527004,2
1.131355505622876,2.309815358236568,1
-2.188928283383763,2.170965924269852,2
-0.68291509986401,3.260858799200059,2
0.6283298360058864,-0.03490656995907637,1
2.8806397535203927,0.5993404909421032,1
2.3309340707736523,0.18927860759982973,1
1.0754749410779976,5.880086300076107,0
-1.6181710329480814,2.516311585820207,2
-1.7005122489412872,3.8161228837367385,2
1.5170436638468852,2.4857096970648205,0
-2.3344580547717713,2.1757300996827382,2
-2.3630341400498933,4.728464021916734,2
0.5703283513580116,5.028155832318355,0
2.6263773435627007,0.35396963025516004,1
3.9123697911887376,1.3123379265471578,1
0.11181067014605528,1.40596284553191,1
2.5356920175506645,-0.07052240396916809,1
1.7320103674410376,3.7646546906954,0
0.7203124093322267,3.9557409478057703,0
0.9528469735250429,5.382982055560879,0
2.1550496497061458,4.123862491636039,0
0.6846956034721896,1.2082283703584153,1
0.839190940687017,1.0383355632458977,1
1.9057751900260231,4.8860119188463145,0
-1.038213422013672,2.8099203181994743,2
-1.5245507487310832,1.4152318978233336,2
4.243886200255715,0.6778906742245745,1
-0.8829999397212902,1.4768901628269717,2
-0.1340665804650485,1.5408636905419857,2
2.010679965028013,3.3075746870773237,0
2.080653125839337,1.5080554242433495,1
1.0739950462613506,4.8867410072016835,0
-2.144246359773996,3.439376502644177,2
-1.5722873773681778,2.8647439218916415,2
2.3615316252687255,4.000689074024317,0
0.424048013779345,0.5961913450762437,1
2.6983220667721706,1.4858885890558735,1
2.102906000653002,3.2238558190849664,0
-2.313936750484591,2.3331113249156545,2
-2.740427615976386,1.71499393681712,2
1.1078440464545638,2.8982272800565,0
-2.202795707222922,2.504665232981315,2
-0.8542672946538116,3.1777147563365986,2
1.3280501892278533,4.683022860983977,0
2.6888014238932785,0.2888485425208055,1
-0.7944187162145173,4.824938103750896,2
3.921950669764505,1.6551319899993406,1
2.3075989528173992,0.5068656638569233,1
0.06636960272812131,3.4866046604535947,2
0.8911544760270893,3.7394862941462295,0
1.5232737120217161,-0.05859476249434592,1
-1.664803712120612,1.417528985168793,2
0.5893992316958485,3.7934945878147612,0
-0.8471945722016058,2.532050761221621,2
1.886448986639087,4.621005542639692,0
1.912715804377611,4.26869215057872,0
-1.905082060114895,3.770771358602,2
-2.2077111180226767,4.002629837970828,2
1.5750254796946546,0.37441271655304176,1
1.3470950798275971,4.445849132635626,0
2.341280048410996,1.8762309573839797,1
0.3320392707165549,2.6952030470638415,1
2.614566502823762,-0.16603193108761105,1
0.4638196459748465,0.9008858763810925,1
2.2705079890724895,-0.10870186174061347,1
0.301937417889119,4.335617885722741,0
-1.3195699671762156,3.677038936441357,2
-2.152962285111729,1.5876878490086272,2
-0.47802349680391276,3.4864930940440098,2
-0.4477908304360365,3.810467444086196,0
2.35034330473474,-0.20110479672936266,1
1.0499556490840192,0.9990708066061479,1
-0.37165534408262535,3.5422139391918313,0
-1.2142700502079193,2.724418378542775,2
0.7424178468830862,2.3125377958603592,1
1.532232758256293,5.19626121477992,0
-1.7785603721683014,2.3309796161531215,2
0.0372885058687098,5.320808318861634,0
-0.8327272928298917,2.7036753765671726,2
1.8207294865241275,0.03430807859615426,1
1.2465499894533443,-0.2064603258613249,1
-1.1020013408720326,1.0363984628017813,2
2.426440074081917,-0.09215888960918239,1
0.7085365416525287,3.175775995978383,0
2.857319260173394,-0.9488683217267362,1
2.380815593486207,4.45022809792664,0
0.593529179216155,-0.6511324770647289,1
-0.6189999315842211,1.8246560788734032,2
-1.304428436593186,3.462237139618516,2
-1.3998800599007153,0.8686503480884564,2
2.0935753940831594,3.784887123023538,0
0.3183439860096998,5.272669966011441,0
0.20635400410117866,4.843036518740207,0
1.5265968624973894,0.7896598231569789,1
-0.6972741729224904,3.331267282200276,2
1.642995766828335,0.4942044765171356,1
-1.8360725276033854,2.5494668199455273,2
-0.9694330046174637,3.391003833313098,0
-2.561699297972494,2.1407347517848123,2
3.158961478895028,1.298194344536643,1
-0.3852560677458039,4.192037288848307,2
2.992062737686867,1.6679945392651487,1
1.9612050710702742,1.2952288755554031,1
2.0858141024734946,0.8607801290928699,1
1.2399918602964193,2.698877650746472,1
0.9080284732218639,6.017130049097757,0
-1.1129903431116723,2.718602206418531,2
1.5750184864379526,1.8337712100476344,1
0.5353474462539036,4.023431832263881,0
0.04348103704005679,5.547106711903545,0
2.5551352729629833,3.508286777395099,0
-2.849637132743701,2.4695994621743274,2
-0.28441010040343406,1.7036649799737835,2
0.8581060334179254,3.6236091234515397,0
-1.3123499614680334,4.555271742469927,0
-1.2633339801152417,4.705286382538677,0
0.8614947537756968,4.612538569285003,0
-1.594849133612404,5.278110846986538,2
1.2200748312413947,-0.049076751019252685,1
-1.6571271796886315,2.728464332521332,2
2.300628828542334,4.1315865347515075,0
1.0619061460097425,2.939735809764891,1
-1.4615984078835573,2.1443694585724113,2
0.6901046442077092,2.8447623027582947,1
-0.6255659704260419,3.41660638560335,0
0.33265167571360454,2.0803841752239634,0
-2.2433481708083827,2.411608728158634,2
-2.4599818541160063,2.6791059444878904,2
-1.6309528238908846,3.799107207787054,2
-0.04177179674086973,4.225932571507539,0
0.39992348312320014,1.0513081207536032,1
-2.3693985103133546,2.7432686081833064,2
-0.7494700794281205,2.9330290469619635,2
-1.895667549427456,2.287656513702518,2
1.500141175938428,0.7251813428309759,1
-0.3864155890348151,3.090706936773476,2
0.9340986272559161,4.016900135058482,0
0.2922591808092785,5.9633381236382625,0
3.8633993320118534,1.33430213456723,1
1.6918297413168266,1.6767148800709284,1
-1.3301339231345497,3.8875059905571696,2
-2.4774219586664357,2.4538858380022788,2
-0.6874133409043007,2.743952331027967,2
3.0212036398925792,2.320268408906972,1
-2.4400255507907254,2.7394254464358596,2
1.4995467390782489,4.132240996226142,0
2.4747916298590193,1.8220976818964463,1
-1.4245681663876855,2.693789894270194,2
1.2561946775897332,4.205636937805432,0
-1.888576470576257,5.071601769172773,2
1.5878265118069717,0.03751027501327364,1
0.6070882406040514,4.064408149872464,0
-0.21670749602234496,3.0093190945242703,2
-0.07835838543851881,5.124035164773071,0
2.6455208849234637,4.6057765378059425,0
2.1443437239294414,0.7685101774778229,1
1.8671777833832277,-0.13808406625727598,1
2.2943546018064773,0.2897762136559827,1
-0.32241664361659517,5.579862673454578,0
-0.7764214759688656,2.1534802323423103,2
-0.7048276564247676,2.7046670244613016,2
2.119163713083056,-0.7096564992961212,1
-2.0163864319769362,3.6814237278190434,2
-2.0111144349608088,2.589964205022705,2
0.35071304343724174,5.295924155966896,0
-0.17134086629664025,3.9456732519685334,0
1.5859567851537713,1.7733593387174436,1
0.8778175541210628,3.6403090410862826,0
0.9429507957013421,2.772983830048897,0
-0.857511541829364,3.6564892903259434,2
1.1327766165118707,4.535968363648665,0
3.199821056717436,0.878896604398044,1
-2.5394899385598695,3.16286746842124,2
1.2605497493537097,6.046456108104021,0
2.225145481229802,0.988489586974262,1
1.755260862421121,1.77317281307932,1
2.6218128372510905,1.0439681059389812,1
2.7348353871979603,0.4738754113884605,1
-0.4411067885159745,1.5367821752501651,2
-2.448871672531289,4.69193859903706,2
-1.1274296780134136,2.429187545415039,2
0.6998372335306579,4.044210345614351,0
3.315836366475027,0.7972701565365709,1
0.5249670414439689,4.5694753024146255,0
-2.464851608483394,3.191611710857847,2
1.1203136497073731,5.758060834411365,0
0.3870410920363453,3.855322321244331,0
-0.9135548478182697,4.761582237810691,2
-1.9323764703625768,3.3518212295634116,2
1.4300519911821792,2.4740469164438585,0
1.499531817234572,3.766203958890328,0
-1.8048439804901848,4.281624854160465,2
1.027845021316384,5.171063956256818,0
2.4109710371568625,0.4203773895347075,1
1.1369312683662678,3.3511423746330022,0
0.24722541975179935,4.500344728177175,0
2.1671399183291764,0.2219605165662859,1
1.8549140414278906,-0.8163824561110595,1
-0.33309352259664937,2.400159619207852,2
2.3075383020450033,3.1832648414660034,1
1.451427968636727,-0.25189040331918133,1
0.5810410958921407,3.144366811048477,0
1.7373078036934886,4.425462343941218,0
1.05641872533751,0.1575268691984233,1
-2.467060605094312,2.521358522316805,2
-1.3698345503640972,1.937423015770967,2
-0.6271732006503523,1.3393520753920087,2
1.7340085843748685,0.4090974391833111,1
-3.4042168312780023,4.00621747114263,2
0.8903393115748823,4.498080265494162,0
-2.5639333570705976,1.8049763664615066,2
1.1182232418672746,3.984458910303295,0
1.616401604644087,2.686831283137556,0
2.0402624344015132,0.7842520292952029,1
1.1683631951490023,1.7759674176704672,1
1.7214765610793137,0.8775345560603993,1
3.5051150467940966,0.016216593469473017,1
0.34818251890491614,3.822760208987602,0
-0.39974949875035937,1.5930548913733984,2
-2.2868382810398127,2.4455590215861682,2
-0.23425799220943655,4.432764555226129,2
2.0820059041075147,1.0811139135195131,1
2.488386250881811,0.6874748461411745,1
-3.3427928577397292,3.6689818591276597,2
-0.3165868311769535,4.570838196797573,0
3.610381553491946,1.510989886266638,1
2.8732451286876834,0.618749384834697,1
-0.835119484709521,3.4822704704378493,2
1.3068028217814107,4.158512870243621,0
-4.337572068051102,2.7672286233122296,2
-2.6345509141229355,3.152859454222175,2
0.8480281045187931,4.032015760957694,0
0.6923265742248683,0.10590714429447246,1
1.0333541970059497,-0.2527741098805727,1
-0.27490203046887407,1.7731896300905252,2
3.280186776230437,3.2437715047268427,0
1.6573554228420364,1.6802425407799144,1
-0.11381847635663855,4.424862619891652,2
-1.7835541487023863,2.8794056030941695,2
0.6300206308991851,3.509151006376891,0
3.5026383189024934,6.0737087156451235,0
-4.533402728229232,2.870716393679881,2
-1.328576953866564,4.10786031112895,2
-1.533841454427828,4.827772823242134,2
-0.662782681844298,1.4114190953614045,2
0.10547292936461328,3.7249376626839745,0
2.5001209596193865,0.8939008427929128,1
3.1323049943804144,0.6728370986677854,1
-0.6531729675612291,0.5690448414180111,2
3.852186044007806,0.6933247230348896,1
1.7469431330098384,4.173347593665063,0
0.808055855779421,4.681697429186865,0
-1.8802709019372499,3.660833237941456,2
-2.625326266114058,2.5406178058509967,2
-1.9416916755790312,4.674360904363344,2
-1.386915545835046,2.5738366324834976,2
1.0840968566084872,2.323980520724964,1
0.08355496507633853,3.48209290172794,2
-0.3517486213020302,1.7931795465693896,2
-0.4296928377214042,3.71372968157885,0
-2.2120009935533322,2.2083612506251225,2
-1.502689703081182,2.4830916145832216,2
1.0214040939785054,6.643412133468448,0
1.1912356691725885,4.401006559451308,0
1.544341340200615,1.672391979005099,1
2.7988210369412148,1.1080230265677498,1
-0.9559541733757849,3.990182908621214,2
-0.1575018604998235,2.890737330666648,2
-0.7119599492249371,4.191321344888837,0
-1.4558952080338756,2.4243504108380867,2
1.7907899010343615,4.36271291663002,0
1.0314414333267268,4.602764783567408,0
2.2939490923647132,0.781441220400185,1
1.2000270641820139,2.154883310766931,1
-3.5228808823786695,2.031661442158506,2
0.6355777346685646,3.040614415363236,0
-0.5154561220029588,2.0141913312673805,2
3.7084173539981986,0.19834571896584596,1
1.014668291347733,0.5820605365520786,1
1.4711739746379586,1.2327692801339358,1
1.6549187064194546,-0.5746592685285528,1
-1.1309278020822935,4.729387966153369,2
1.961587587486362,5.070706997109589,0
-0.9351770380703371,2.4416578250184533,2
-0.826223904128213,3.6145329156693875,2
2.567829752859,0.5385470648720516,1
0.6283579292203425,4.46013629655237,0
1.9368273030037235,4.52962780605108,0
2.011127802585072,2.516122984169911,1
-1.5626762379590655,3.708743763491875,2
-0.1697303479609482,4.3508534221068835,0
-1.5725182959967645,3.289837812898101,2
2.270820575221563,1.465671019164357,1
-1.7305190321012935,3.346174522026934,2
0.32397647861147594,3.782598015147279,0
0.37995604009598694,4.2512200311788435,0
3.397889531943231,0.1577278069726772,1
-1.393316826680108,5.167839627946038,0
2.054467382260733,1.7446026611042935,0
-0.5330017773740707,3.5741529222900117,2
1.1429435739190241,4.938818764340496,0
1.2730032510406084,5.133773486529493,0
-0.38229683776647816,2.012588219428217,1
-0.12811326088195552,4.355952406709364,0
1.2018517421152985,5.692932643126317,0
2.8650082522473252,1.9775948770804725,1
-0.15055573021024848,3.5731095745835653,0
-1.4182568885088784,3.586221247693611,2
1.2290735839656497,3.8957726184084933,0
3.7958969673282086,0.6041786050485594,1
-1.2206315249167217,3.9170321115304882,2
2.2413479166352612,4.515284340180268,0
2.3786240529131364,-0.4717274641092204,1
-2.854908640520015,3.149349021126333,2
-1.1067623910102116,3.4753690572380194,2
-1.9320103026833666,4.663166834020717,2
1.900231713314552,0.9637239217244294,1
0.5123460742785877,0.4958999178114362,1
-2.10283962074344,4.478980818228873,2
0.7954801780276077,0.9262841641257197,1
1.1835408255201136,4.611519902127822,0
3.7789637971001397,1.6106798896488745,1
0.5838810803968584,1.2576442726484633,0
-3.8401059469189724,2.6017406855834064,2
-2.625001973584464,3.4301489881591047,2
-1.7022703683193734,4.139465402609106,2
-1.474625062087604,2.558137684856963,2
2.1227843786072027,1.6752677978408488,1
-2.313372428293131,1.7414091069720399,2
-1.4829085017779167,2.6004200441730507,2
1.9428237654135898,1.7955278331410582,1
2.93639861853251,1.9306528544578825,1
-0.39448990399656547,5.169440250264243,0
1.6426531605784094,3.843067540059837,0
0.9973320998885586,4.403241784479102,0
-1.9419056843315294,2.0647536364714814,2
0.5889432611385428,4.001484576873055,0
-3.1607000308747026,3.8140494550823907,2
2.262254085626788,2.796788929234118,0
1.8668184393028098,-0.278171328000292,1
-1.5459622269971964,3.1235389353526397,2
0.019767824990514216,3.132288274594105,2
1.5681760897210544,1.7966310545259967,1
0.1858209176737886,2.2305852387823917,2
2.3687885279807674,5.341372994499024,0
2.0003793366784897,1.420221261936749,1
-2.7835841413900275,3.8574966548405727,2
-0.02394526884306969,2.7590162306707784,0
2.3408019266489664,3.6143381428984522,0
-0.3414472645942703,4.844795547408197,0
-1.112597179297954,3.0418418882047837,2
0.5370805567443471,4.4851257566662115,0
2.4860386563785193,0.7477720682047975,1
-2.571720332601762,3.707787203118616,2
-0.975534022935107,3.643895597718892,0
1.9980606641351681,3.751246654031661,0
1.2957720310038139,0.6469069831777874,1
-0.3207793914597352,4.37076002685018,2
1.0272243555577845,2.509558055958669,0
2.0069228976530584,0.2895624029862469,1
1.2001136418594058,4.633410309576128,0
0.9480878502078401,4.7321191979788075,0
0.8657294213140224,5.32396003916419,0
-1.7292852269409777,1.5086974797769597,2
-1.4202517187188732,4.436885541269268,2
2.864447818286041,-0.30042922025310137,1
1.0871854037683,1.3747317522948022,1
0.5747125340471515,3.835311282768667,0
2.456153200536999,0.8880064234050284,1
1.850306969702582,0.7236568224299031,1
1.7525215045286247,1.8873431018738271,1
-1.4263398101247424,1.9629395037158839,2
1.403611312375097,1.4024791162784385,1
-0.10280104252837896,2.2162146780287735,1
0.25001583280245687,1.7280496652783286,1
1.5570559028467683,0.4662493188332516,1
0.9016021002953455,4.562503767678136,0
-0.16273811457047027,3.089385944489131,0
1.0914179516865872,3.924639764568467,0
2.141850701598297,2.316918705848888,1
-0.45654399624873143,2.1978808300423136,2
1.9171876931216083,4.708991407771278,0
1.769308369947705,2.394574653458764,1
-2.4800835112369763,2.43858486377869,2
-2.9215836548145813,3.2910569795857008,2
0.21056788406840876,4.859574291531263,0
-0.21871672672216524,3.8033776601441263,0
2.041816052075488,1.7131356291779969,1
-1.6294334939927326,2.4930018167980545,2
-1.2243430109334854,4.010221137363921,2
-0.9600097273000119,4.492565924242219,0
-1.6187150433563582,3.5690922692826517,2
0.2566656899947022,3.490794338894313,0
1.0324124806286639,-0.25302834431871,1
-1.448662857381526,3.2949985587017183,2
-2.049482554753852,2.610750541174439,2
-1.5767197372875836,4.957405922888751,0
1.219156141932109,1.5398746032673627,1
0.0038671891939974223,5.65000840067069,0
-2.1758599406697208,2.877601443010836,2
2.7050971561128567,1.3324524653989767,1
1.9729238746415259,0.41804064486413034,1
0.8578398257943116,2.384062913404321,1
-0.5880722868281293,0.20160195211554832,2
0.5062371958456202,4.087055856872851,0
-2.2357538333645115,4.369410278307689,2
3.542049995518509,0.9404433798215037,1
1.4816570171238377,4.663036483961847,0
0.25067270008291076,2.9204233720533344,0
2.5978783049316743,1.6136025533749285,1
1.3662190920149067,0.34957647246540124,1
-2.9928183417298575,2.8482937063943257,2
-0.31692635008013736,-0.4840813495570484,1
-1.3271193918024813,3.859230167843532,2
-2.7377596511654954,2.5241485496387335,2
1.5720179789537705,0.9002348423694468,1
3.4567909374381234,1.0560975067234686,1
2.8731293526178736,1.1358638519599755,1
1.6015015295736825,2.701729671841642,0
3.3350795420608996,0.01169717789698399,1
1.0212086845932848,2.4819581383810343,2
0.9383179676861544,0.8623669203350213,1
-0.020103284272461774,2.5248058655396792,2
1.9125798093594129,-0.32997276047247115,1
-3.0468784728077734,2.7013493894832945,2
-0.551765602643277,1.5885456919988556,2
1.5877743477750244,0.03517036021320297,1
0.5587927286614611,3.2062906726781453,0
0.769325367989204,3.625691866662143,0
-1.8674640481597677,1.6146621786547082,2
-1.1202467662642663,3.401353987418856,2
1.9266799711165175,1.3530836508747464,1
2.753917755740633,1.419288887178277,1
1.565439302585611,1.5564658016294497,1
-1.9708640222613978,3.3360856099862395,2
-1.9155469866945418,2.271090245741721,2
3.233097026138538,-1.4075031951055839,1
-3.0545359614006795,3.8466241861400645,2
1.6993705722842933,4.328399452696302,0
1.3011396943426812,5.300905308240149,0
2.55399447974481,0.159731879696707,1
-0.3528421594136064,3.449013634662321,2
1.720645915478756,0.018106562626552636,1
2.584792234495219,3.7422085778451692,0
-2.679319742181406,3.806114251381901,2
4.506497240507954,0.6864576763064169,1
2.5518827199167293,1.9097968497602464,1
-1.463413532835136,2.6964917629860587,2
-1.0282493675733557,2.360194801307613,2
1.0645965908057287,-0.10500492743185408,1
0.24933125882945628,0.8783408679666734,1
1.573176559794449,3.3165006339907377,0
-1.3186708425108988,1.3990136021755935,2
0.3628970839587695,1.627010006218363,1
2.8531807179996234,0.010784056066499126,1
2.6386355282541767,1.8242684282465422,1
-1.395849564004444,2.0387862490668622,2
-3.289132910762784,3.74839963037572,2
0.6033619920011306,1.2798664477232304,1
-2.0805464031531367,3.2541362817035333,2
1.4790257052059748,1.4722725772305096,1
1.1806049994440326,0.21326210379751065,1
1.7287065437536702,0.8894537776683228,1
-0.38793020255564015,3.9007234811505125,2
0.16267408145198803,3.782145817477771,0
-2.0310360933856435,4.196411450317788,2
0.11972077031228556,2.7621999277766025,0
2.9057982049563162,0.058539469338663164,1
2.2849388308986742,4.277988769193903,0
2.0195247878847042,1.233679402599929,1
0.6800830421156372,1.3986558921178833,1
1.6400361256112208,0.22399948862879715,1
0.9613724646984729,1.103460463672017,1
1.913012542081752,5.716115033485833,0
1.401982819504989,0.9761776851121131,1
-0.4456497930939418,6.301743407198394,0
-0.7800901803729721,2.280443057902688,2
2.167825052339332,0.24211863045357873,1
0.37895400958113235,4.065865597712383,0
1.3971883627221517,4.5503895137097246,0
-1.0601533628034703,3.078988583574801,2
-1.1649433025208569,2.6251701653909802,2
2.874106894032226,1.0381595673774127,1
0.7349322870933905,3.4255969846383167,0
2.5114311327880112,-0.04720653745007408,1
0.6055660753260417,3.358171531892099,0
-1.4984955685823163,2.5198207803674584,2
-1.837214862801122,3.022637305595353,2
2.0159995303949247,-0.0512691509118266,1
1.1829605902544984,4.83482983442645,0
-1.322283119802255,2.231780440171767,2
2.89921210502688,5.784302118882814,0
0.5881158860642455,4.2438593247773,0
-2.5560169815212204,3.890962265482788,2
1.7965918758079167,5.6637358691278745,0
3.1428138368997725,1.6369681930709632,1
-1.869188572982487,2.513587840703629,2
2.0738948920942333,1.9519886348420146,1
0.5129793706331993,1.7598117168222043,1
-1.2442255640571354,1.825341446941985,2
-0.6950262281622269,2.9247434598726207,2
-0.05637302334563454,3.8670389899903825,0
3.359414853410437,5.248266814438804,0
2.548911608957742,1.3846789859183164,1
0.9305661178862602,4.5242949832055634,0
-2.1278609926043623,3.624353875035496,2
1.0425943976642869,-0.12963321713752562,1
1.798397824100961,1.191135057587759,1
3.0565985387796077,1.494876164341362,1
-2.769510951674195,2.89018380249952,2
2.4535636076303704,-0.3581112218035647,1
-1.2816481597784857,3.795387324169557,2
1.872362540575927,1.7939120852940962,1
0.5723841638588354,-0.4117484863930774,1
-1.9771858480350355,1.4986481805184522,2
2.3943267773753085,0.30803161798690704,1
0.17064357100712724,3.185475403126758,0
1.4573852049353304,7.063142441469973,0
1.5547915762753735,4.653441784441564,0
1.9486148477726528,0.40444927282743903,1
2.650567829125171,2.0618154261629034,1
2.3816426111598687,2.380792287911751,1
1.9949799877937588,1.175744707905881,1
0.9142169527481611,5.562954457059204,0
2.0717590084137423,-0.32411267475683503,1
-2.4473116453411743,2.757596040904495,2
0.8028061814736159,3.793757787692773,0
1.1755702754429602,4.253183786486724,0
2.732824555020595,2.2048475050191945,1
-1.3736155440894815,3.612010969471009,2
0.5324994309286919,1.454627780516824,1
0.7082667075951147,5.106243723244785,0
2.3140650887734866,1.9379026241874955,1
-1.5046913487054212,3.461335700915848,2
1.784060181542714,-0.41951112886785746,1
1.5335709964850626,1.6752709412801772,1
-0.40268227877514473,5.212763427588515,2
2.369293213253481,1.2705396687903745,1
1.5789777349758247,3.709137557727985,0
0.4801677445639327,4.228982344768049,0
-2.4324398084414005,3.1829228635724416,2
0.9146320263742803,2.871051837514282,0
2.4619246088997593,2.0993615156054433,1
-1.3225854226057898,0.9971766624031928,2
0.2578117170659804,-0.16576927821666998,1
-3.19160205261082,3.348261146116173,2
-2.6708847128206457,2.198308405415172,2
-2.0531473539946634,3.0999820401426894,2
0.9369872603189995,3.1356938297071926,0
-1.0487790168588922,2.8247594692856848,2
0.9519439541475594,3.5657564182427013,0
-2.536028044435792,1.552329534412251,2
4.147244851836675,4.493286964996304,0
0.17684767900339848,4.5445748371903285,0
2.441433898531247,0.9985307231952486,1
1.7066218689235144,5.408365801019866,0
0.6115765341548096,4.460491182720754,0
1.3310277716597132,4.920673881841669,0
-2.402058762135822,2.324361943985597,2
2.29987788276235,0.11774041101293387,1
2.5160618491341333,0.4966775020415358,1
2.248481074666574,2.1950057490308277,1
0.5750353686353127,3.5037048513637887,0
1.8920125725996992,0.8112083772268897,1
0.24712359493462643,1.3089979028355454,1
0.28897104138983154,4.186312781030279,0
1.9126686220989546,3.7781467343464503,0
1.7541727349094642,1.4346515743942985,1
-2.030613450590142,2.3308659728279744,2
-2.3116887422825334,2.7477599565819566,2
1.7135894238369973,0.9219545740757172,1
3.957885719802709,0.1219995519979662,1
-1.035610240698214,4.893490933023114,0
-1.9081938830302003,1.6689333282602483,2
2.221131044086415,2.22680494268349,1
-1.3711100824903164,4.437885778833866,2
-1.3275069404164197,4.86364365263945,2
-1.9335429831253395,2.838624535836385,2
1.227268194554819,5.358545252628673,0
1.324393935481492,-0.7440395688718473,1
1.3289016892467758,0.7252050632564798,1
1.120140311995334,1.2794876695573207,1
3.031305046801804,-0.6592702725713238,1
1.9881125115406841,3.6458362826872213,0
-1.7778264100030654,1.1416772373230912,2
-2.311125395756289,3.649175882173491,2
-0.20839277960293057,1.2726835797580902,1
1.1219512812059556,0.8631886138495386,1
3.0461766951177234,0.7109545481281576,1
0.25265507098547557,2.887309816963165,2
1.624171183922121,1.4704150267951528,1
2.0267386515984613,0.5729333948549769,1
1.787257738034766,0.4010554502084198,1
1.675650562134312,3.242565040002481,0
0.47823762785419016,6.2333193812653755,0
2.9684694456850558,3.10896799317743,1
0.7693664023825233,5.183966239529172,0
4.022031493367618,0.7014296949943948,1
0.45469040055312193,3.119100737036838,0
1.1861195564695504,3.0631627278921627,0
0.3404240001676141,4.9802206223948895,0
1.749314946334486,0.4591892019033308,1
-0.20119605389753392,2.5758999836490704,2
-0.24916544028367293,5.148150303849937,0
0.6642939706302822,3.4634969319690834,0
1.6747272276538312,4.30755821653466,0
-0.8776934853876938,2.3706795173235786,2
1.464510368522916,1.8696339538035125,1
1.2161381185906643,1.8877850438171304,1
-3.128744965296423,2.8799752001489867,2
-1.524828991302539,3.9446828401840905,2
0.05715663367655133,4.496541176513606,0
-0.2809577563908907,1.4812415966485413,2
1.2452941517227418,4.828705191094272,0
0.338833052994266,3.9065155131195923,0
3.095353766486581,1.0623074694643344,1
-2.3083886721837645,3.5157421392033914,2
2.8091332049951787,0.009475448852423574,1
3.172550987121068,-0.6662409749018294,1
-2.582863372290862,3.4988148501869576,2
1.6803811006880771,2.8081078111913738,0
-2.492967198265975,5.0778953697038585,2
-3.119114641537503,2.9520720287488484,2
3.511075473269721,0.9531558853817396,1
0.14152485057137087,1.5612252365293182,1
-2.7557992101567947,3.8062763709055263,2
-0.7049481369479385,3.41481596935294,0
2.1215322515657196,4.650281769455151,0
2.0452110495638633,2.135670595896377,1
2.5114205572599335,0.540084627969339,1
1.5052136969630774,4.549935116133234,0
0.020325078053718082,3.9578055517490034,0
1.2518707525305515,5.738836714237545,0
1.6777206023735893,1.7523063886503856,1
1.4585966658945682,1.4647218724581192,1
-1.684209301502471,3.1941221133530964,2
1.868576599318268,-0.2459777359039128,1
1.2626137674387747,4.912631161923841,0
-0.003132815604852013,2.8606010615426074,2
1.2824956384546757,1.7797202593009476,1
2.8261044818378145,1.1408318753404285,1
-2.3784265976256966,3.3400668693022144,2
0.4488278319830452,-0.47538987610399164,1
2.7089912654656283,4.988288434307581,0
2.1709325954792247,0.3503080856392704,1
-1.590033913198308,2.096617186915364,2
2.2542570158380655,2.886395578533328,1
-1.1098501242297811,2.310014312943655,2
0.30854979218709566,4.630749922852847,0
2.609395099759648,0.22753776221064037,1
-0.02406027040721037,5.9777730344591,0
2.6574310110089416,1.7709367082386405,1
-0.6539282684195495,4.7665695829741646,0
2.924273864251639,1.0818449246414832,1
-1.370760888683098,2.3610925169697894,2
-2.9570392206458376,4.250687596690611,2
2.0933949055278127,1.4103811834103355,1
0.9614123751917923,5.125193264473201,0
0.6654865025366712,-1.0560149026814696,1
0.9209175305241055,4.0398499788557025,0
-0.07228288652059756,2.883769390269415,0
1.7053606407240318,4.4327702382058005,0
2.0727831347110963,1.2212894245470556,1
-1.522729014139405,1.4343907079651215,2
3.4581122615331212,1.23350838134325,1
-0.6177155178909393,2.9986021517669896,2
2.8222579719924292,-0.12834359168784504,1
1.5976269271433519,1.2694747414354304,1
-1.3908727958475287,2.0795711056344217,2
1.3756744788887338,0.3333457502554479,1
3.5529825487524413,1.462930862474388,1
0.8065117846440095,4.16965454467997,0
-0.5121663183921286,4.358185902350746,2
3.139506027827185,5.640315276884782,0
-1.3774322546634994,3.7065115943988616,2
0.9201370580977379,4.3024022847132946,0
1.4244653629698076,5.999968900276551,0
2.0690160087684117,-0.9470375036901093,1
1.552860895161436,4.095488571870395,0
2.6237264403571547,0.5648518950857273,1
0.23151525649805516,3.4773487887893757,0
3.6430290451782454,0.25440605814919803,1
-2.5276645034706555,1.3221046498918088,2
-3.075375063950366,4.229309387683074,2
4.0164945107978935,0.8254249012662689,1
1.6527308109081182,3.9217783718705697,0
-2.6359767450162828,3.1104983713677354,2
1.8159709302905338,0.6508701021491851,1
0.773373237779828,4.193904548139076,0
-0.06590892346955801,-0.9411829438205617,1
0.8433895009595395,4.005996448046662,0
2.3020335454128484,2.4236212208227452,1
2.157648679834781,3.6718835694432226,0
-1.5209651988354027,1.8689818898704083,2
1.8781301381175544,0.006934476876440998,1
1.0487084566386404,-1.2456444053007516,1
1.8953277336758352,0.06570616672081209,1
3.0638648082929816,1.4252610427122527,1
-1.9036881223294402,2.008849935081032,2
-2.2640891827928193,2.239552423459153,2
1.9348608827684681,-0.5816523200253167,1
1.13244420643605,-0.5536748382530883,1
-2.8077107273709014,4.579534122517893,2
2.301916476685324,1.5056561693443342,1
0.5094245324937325,2.8868812143221305,0
1.7302615455249746,5.369102819546384,0
-1.5989770345440013,3.8019969160489846,2
-0.8667994716101535,3.8258133234079033,0
-3.8338617786677,3.6494747663552616,2
0.09710944971142021,4.072685719855394,0
-1.0001223079645563,3.0189431056905947,2
1.5813901626286617,5.199343312999714,0
2.351046609939765,1.7402524563949173,1
1.8543599882319513,1.0201949775912384,1
3.473470470133502,2.058465679076988,0
-3.219309750278363,1.971661640976964,2
-1.6152771379543187,3.1855531546939013,2
2.941560716054346,0.8424046642082843,1
1.5661498992810146,3.9399285174776,0
1.9366808978827856,1.3860342503675942,1
2.5549144765448437,-0.3210201700392601,1
1.666699102929544,5.100459435813061,0
0.005165508102010441,4.6186045319642135,0
-2.665227971436922,3.047044435573499,2
0.06897171416325287,4.355732723244529,0
1.137829345784663,5.867192072477319,0
0.0774223061937358,3.1259517909630867,2
3.076492264600041,1.6063589330483634,1
-0.5139953093608032,5.799926964400022,0
0.4966142645385474,4.924145625791903,0
-2.0631741573086906,4.12771948351722,2
0.11600762658897623,4.632088622449145,0
1.4583504096496835,0.6747044769675574,1
0.6854080194799357,1.6771241911969983,1
0.5916246554039772,3.859951234293192,0
0.5126741039004008,4.785268801221852,0
2.0865350684604476,0.8055515452459809,1
3.115982520775048,0.03753478364547547,1
-0.4686701205268766,3.093244333325038,0
-1.030724600933525,3.4948381547317764,2
1.8341940028388315,5.444889194105963,0
2.495029415510075,3.1326268659983096,0
0.3874876285486406,1.4857014086777496,1
-2.253616039204703,2.700719145608956,2
-2.25138908802145,2.114964849894156,2
0.4823145479529707,2.4280675300745216,2
-2.006937670040201,4.7466576907213485,2
-0.949969416168681,3.7362359921602843,2
0.2715698026902613,5.247048052417885,0
2.360588276445376,1.9218285927110068,1
-1.209504152892881,4.423449211090431,2
1.2957019118780257,4.166008113162619,0
2.081514139294465,0.7833285000655601,1
0.6757912929610728,3.948758596393016,0
1.6520792145833445,1.8470691837311555,1
1.1553810446893937,1.379744268610138,1
-0.5149875141591105,4.743179028712927,0
2.764127096800018,1.3204822346145983,1
-2.1141225772464263,2.275030962370555,2
0.2554963399661334,-0.2070264872676726,1
1.5053153168809268,4.726415949157215,0
-0.3496719588247399,3.9578740460398105,2
2.201140642740155,4.368643433791966,0
1.4749603534563225,5.351759483416442,0
1.153696220800248,3.902006391240128,0
1.8101857658560223,0.1189881872803239,1
1.8331006904491862,3.652761734148243,0
1.7476760272233407,5.333226156231158,0
-2.937727326602242,3.0827949905878214,2
-1.6829021594502458,4.910106851807771,0
-2.5457896125778143,3.615291964544893,2
4.543709135764006,2.5936331929521064,1
1.9066785746576114,4.12847092512137,0
3.3229171090730567,3.0246262204201315,0
0.8461631243527911,4.397740556833959,0
-2.1488321714608514,3.0816527076377374,2
1.3788956096765301,2.527899327486561,0
-3.240960605942691,3.0771164625614027,2
2.5521606662713476,0.23262204177924584,1
-0.163532376880279,5.08874484868889,0
2.007989805736631,1.5618077092965872,1
1.3290866850408734,4.1510129039029815,0
-2.8371013188541134,3.9970129103873586,2
-3.3035950321511547,1.9830992351020624,2
1.3826855722227012,4.11061062589855,0
-0.38644433928131394,1.731500260651421,2
1.0737678571954987,2.739261662632666,2
2.011222624056937,2.8572256651437047,1
1.200522299512177,2.6250989646197334,0
1.223081487282816,1.0700027991671257,1
1.7165853359874803,2.9324262039590905,1
0.5204447307471263,5.729946079467656,0
-1.4734715725394463,2.4546464060199207,2
-0.4702646210168928,5.1040852767884175,0
-2.0426605585072584,4.181812463696318,2
0.0319015877222012,4.541890475280702,0
2.3027317209121883,3.3391809032421262,0
2.759910242182769,1.0532543949068343,1
0.2799434246854122,4.013390226644523,0
3.655535340181637,0.7088288797201531,1
1.5128665991133186,4.70848278306269,0
0.5699669481014324,3.4397423363460202,0
2.0067083459620996,2.2564637143904283,0
